,links
0,/Property/sui_gas_housing_society_sui_gas_society_phase_2_corner_f_block_1_kanal_plot_for_sale_in_sui_gas_housing_society-44371578-4218-2.html
1,/Property/sui_gas_housing_society_sui_gas_society_phase_2_corner_g_block_1_kanal_plot_for_sale_in_sui_gas_housing_society_phase_2-44371580-4218-2.html
2,/Property/sui_gas_society_phase_2_sui_gas_society_phase_2_block_b_b_block_1_kanal_possession_plot_for_sal__near_park__near_mosque_on_40_feet_road-44029068-4220-2.html
3,/Property/sui_gas_society_phase_2_sui_gas_society_phase_2_block_d_1_kanal_plot_available_for_sale_in_d_block__sui_gas_phase_2-43957401-4222-2.html
4,/Property/sui_gas_society_phase_2_sui_gas_society_phase_2_block_a_sharif_medical_city_is_instant_back_of_18_marla_possession_plot_in_a_block_sui_gas_phase_2_lahore-44530910-4219-2.html
5,/Property/sui_gas_society_phase_2_sui_gas_society_phase_2_block_g_near_main_boulevard_1_kanal_plot_for_sale_in_g_block_sui_gas_phase_2_lahore-44375925-4225-2.html
6,/Property/sui_gas_society_phase_2_sui_gas_society_phase_2_block_c_direct_approach_from_main_boulevard_and_near_park_1_kanal_plot_in_c_block_sui_gas_phase_2_lahore-44283045-4221-2.html
7,/Property/sui_gas_society_phase_2_sui_gas_society_phase_2_block_b_one_kanal_50ft_road_plot_for_sale_in_sui_gas_phase_2-44482621-4220-2.html
8,/Property/sui_gas_society_phase_1_sui_gas_society_phase_1_block_d_on_excellent_location_1_kanal_residential_plot_is_available_in_sui_gas_society_phase_1_block_d-44330472-4214-2.html
9,/Property/sui_gas_society_phase_2_sui_gas_society_phase_2_block_b_1_kanal_residential_plot_for_sale_in_very_reasonable_price-43612649-4220-2.html
10,/Property/sui_gas_housing_society_sui_gas_society_phase_2_e_block_40_feet_road_plot_for_sale_in_sui_gas_phase_2-44433242-4218-2.html
11,/Property/sui_gas_housing_society_sui_gas_society_phase_2_facing_park_g_block_plot_for_sale_in_sui_gas_housing_society_ph_2-44433244-4218-2.html
12,/Property/sui_gas_society_phase_2_sui_gas_society_phase_2_block_b_sui_gas_phase_2_150fit_road_main_boulevard_2kanal_plot_available_for_sale_-44271938-4220-2.html
13,/Property/sui_gas_society_phase_2_sui_gas_society_phase_2_block_a_on_5ft_rd_and_back_of_main_boulevard_2_kanal_possession_plot_in_a_block_sui_gas_phase_2_lahore-44539452-4219-2.html
14,/Property/sui_gas_society_phase_2_sui_gas_society_phase_2_block_d_18_marla_plot_for_sale_in_d_block_sui_gas_phase_2_lahore-44127149-4222-2.html
15,/Property/sui_gas_society_phase_2_sui_gas_society_phase_2_block_g_on_50ft_rd_and_near_park_1_kanal_plot_in_g_block_sui_gas_phase_2_lahore-44530978-4225-2.html
16,/Property/sui_gas_society_phase_2_sui_gas_society_phase_2_block_a_near_main_entrance_and_near_main_boulevard_18_marla_ideal_possession_plot_in_a_block_sui_gas_phase_2_lahore-44413580-4219-2.html
17,/Property/sui_gas_housing_society_sui_gas_society_phase_2_b_block_1_kanal_possession_plot_for_sale_in_sui_gas_society-44479541-4218-2.html
18,/Property/sui_gas_housing_society_sui_gas_society_phase_2_corner_f_block_1_kanal_plot_for_sale_in_sui_gas_society-44479554-4218-2.html
19,/Property/sui_gas_housing_society_sui_gas_society_phase_2_e_block_plot_for_sale_on_40_feet_road-44479557-4218-2.html
20,/Property/sui_gas_housing_society_sui_gas_society_phase_2_corner_f_block_1_kanal_plot_for_sale_in_sui_gas_society-44479538-4218-2.html
21,/Property/sui_gas_housing_society_sui_gas_society_phase_2_e_block_plot_for_sale_on_40_feet_road-44479539-4218-2.html
22,/Property/sui_gas_housing_society_sui_gas_society_phase_2_facing_park_g_block_1_kanal_plot_for_sale_in_sui_gas_society-44479540-4218-2.html
23,/Property/sui_gas_housing_society_sui_gas_society_phase_2_corner_f_block_1_kanal_plot_for_sale_in_sui_gas_housing_society-44468290-4218-2.html
24,/Property/sui_gas_housing_society_sui_gas_society_phase_2_e_block_1_kanal_plot_for_sale_in_sui_gas_phase_2_on_40_feet_road-44468292-4218-2.html
25,/Property/sui_gas_housing_society_sui_gas_society_phase_2_50_feet_road_b_block_possession_plot_for_sale_in_phase_2_-44433251-4218-2.html
26,/Property/sui_gas_housing_society_sui_gas_society_phase_2_corner_f_block_1_kanal_plot_for_sale_in_sui_gas_housing_phase_2-44433237-4218-2.html
27,/Property/sui_gas_society_phase_1_sui_gas_society_phase_1_block_e_ideal_location_plot_for_decent_family_and_builder-42976101-4215-2.html
28,/Property/sui_gas_housing_society_sui_gas_society_phase_2_1_kanal_plot_for_sale_in_sui_gas_phase_2-44398883-4218-2.html
29,/Property/sui_gas_housing_society_sui_gas_society_phase_2_1_kanal_plot_for_sale_in_sui_gas_phase_2-44399081-4218-2.html
30,/Property/sui_gas_society_phase_2_sui_gas_society_phase_2_block_g_corner_g_block_kanal_plot_for_sale_in_sui_gas_phase_2-44061128-4225-2.html
31,/Property/sui_gas_society_phase_2_sui_gas_society_phase_2_block_d_corner_d_block_1_kanal_plot_for_sale_on_50_feet_road-44061134-4222-2.html
32,/Property/sui_gas_society_phase_2_sui_gas_society_phase_2_block_c_c_block_possession_plot_for_sale_on_60_feet_road-44061137-4221-2.html
33,/Property/sui_gas_society_phase_2_sui_gas_society_phase_2_block_f_f_block_corner_plot_for_sale_on_50_feet_road-44181599-4224-2.html
34,/Property/sui_gas_society_phase_2_sui_gas_society_phase_2_block_g_g_block_corner_plot_for_sale_on_40_feet_road-44181638-4225-2.html
35,/Property/sui_gas_society_phase_2_sui_gas_society_phase_2_block_c_c_block_60_feet_road_plot_for_sale_in_sui_gas_housing_society_phase_2-44182006-4221-2.html
36,/Property/sui_gas_society_phase_2_sui_gas_society_phase_2_block_a_a_block_1_kanal_possession_plot_for_sale_on_50_feet_road-44181860-4219-2.html
37,/Property/sui_gas_society_phase_2_sui_gas_society_phase_2_block_c_facing_park_1_kanal_plot_in_c_block_sui_gas_phase_2_lahore-44414016-4221-2.html
38,/Property/sui_gas_society_phase_2_sui_gas_society_phase_2_block_b_main_boulevard_150_ft_rd_2_kanal_possession_plot_in_b_block_sui_gas_phase_2_lahore-44412938-4220-2.html
39,/Property/sui_gas_society_phase_2_sui_gas_society_phase_2_block_g_main_60_ft_rd_near_park_1_kanal_plot_in_g_block_sui_gas_phase_2_lahore-44412507-4225-2.html
40,/Property/sui_gas_society_phase_2_sui_gas_society_phase_2_block_g_facing_park_50_ft_rd_1_kanal_ideal_plot_in_g_block_sui_gas_phase_2_lahore-44400628-4225-2.html
41,/Property/sui_gas_society_phase_2_sui_gas_society_phase_2_block_h_24_marla_plot_in_h_block_sui_gas_phase_2_lahore-44400324-4226-2.html
42,/Property/sui_gas_housing_society_sui_gas_society_phase_2_g_block_1_kanal_plot_for_sale_facing_park_in_sui_gas_ph_2-44468295-4218-2.html
43,/Property/sui_gas_housing_society_sui_gas_society_phase_2_corner_f_block_1_kanal_plot_for_sale_in_sui_gas_housing_phase_2-44468285-4218-2.html
44,/Property/sui_gas_housing_society_sui_gas_society_phase_2_e_block_plot_for_sale_on_40_feet_road-44468287-4218-2.html
45,/Property/sui_gas_housing_society_sui_gas_society_phase_2_facing_park_g_block_plot_for_sale_in_sui_gas_housing_society_ph_2-44468288-4218-2.html
46,/Property/sui_gas_housing_society_sui_gas_society_phase_2_b_block_1_kanal_possession_plot_for_sale_in_sui_gas_society-44468289-4218-2.html
47,/Property/sui_gas_society_phase_2_sui_gas_society_phase_2_block_h_1_kanal_residential_plots_for_buy_in_sui_gas_society_phase_2_block_h__lahore-44553036-4226-2.html
48,/Property/sui_gas_society_phase_2_sui_gas_society_phase_2_block_b_1_kanal_residential_plots_for_buy_in_sui_gas_society_phase_2_block_b__lahore-44552961-4220-2.html
49,/Property/sui_gas_society_phase_2_sui_gas_society_phase_2_block_a_1_kanal_residential_plots_for_buy_in_sui_gas_society_phase_2_block_a__lahore-44552888-4219-2.html
50,/Property/sui_gas_housing_society_sui_gas_society_phase_1_c_block_1_kanal_possession_plot_for_sale_in_sui_gas_society-44180774-4210-2.html
51,/Property/sui_gas_housing_society_sui_gas_society_phase_1_d_block_1_kanal_possession_plot_for_sale_in_sui_gas_society-44180727-4210-2.html
52,/Property/sui_gas_housing_society_sui_gas_society_phase_1_e_block_1_kanal_possession_plot_for_sale_in_sui_gas_society-44180591-4210-2.html
53,/Property/sui_gas_society_phase_2_sui_gas_society_phase_2_block_g_on_50ft_wide_road_near_park_1_kanal_plot_in_g_block_sui_gas_phase_2_lahore-44284045-4225-2.html
54,/Property/sui_gas_society_phase_2_sui_gas_society_phase_2_block_d_1_kanal_plot_in_d_block_sui_gas_phase_2_lahore-44210751-4222-2.html
55,/Property/sui_gas_society_phase_2_sui_gas_society_phase_2_block_a_21_marla_paid_possession_plot_in_a_block_sui_gas_phase_2_lahore-44283448-4219-2.html
56,/Property/sui_gas_society_phase_2_sui_gas_society_phase_2_block_a_on_main_boulevard_2_kanal_ideal_possession_plot_in_a_block_sui_gas_phase_2_lahore-44210680-4219-2.html
57,/Property/sui_gas_housing_society_sui_gas_society_phase_2_1_kanal_residential_plot_for_sale_in_sui_gas_sosiety_phase_2_lahore-40311955-4218-2.html
58,/Property/sui_gas_society_phase_2_sui_gas_society_phase_2_block_c_sui_gas_phase_2_plot_for_sale-44424560-4221-2.html
59,/Property/sui_gas_society_phase_2_sui_gas_society_phase_2_block_f_looking_for_a_residential_plot_in_sui_gas_society_phase_2_block_f-44424812-4224-2.html
60,/Property/sui_gas_society_phase_2_sui_gas_society_phase_2_block_a_sui_gas_phase_2-44424249-4219-2.html
61,/Property/sui_gas_society_phase_2_sui_gas_society_phase_2_block_d_sui_gas_face_2_d_block__plot__number_213_60_ft_rode_corner__-44430249-4222-2.html
62,/Property/sui_gas_society_phase_2_sui_gas_society_phase_2_block_a_prime_location_in_sui_gas_society_phase_2_block_a_residential_plot_sized_12_marla_for_sale-41431364-4219-2.html
63,/Property/sui_gas_society_phase_2_sui_gas_society_phase_2_block_a_one_kanal_plot_available_for_sale_in_block_a-44147615-4219-2.html
64,/Property/sui_gas_society_phase_2_sui_gas_society_phase_2_block_e_residential_plot_in_sui_gas_society_phase_2_block_e_for_sale-44010462-4223-2.html
65,/Property/sui_gas_housing_society_sui_gas_society_phase_2_1_kanal_plot_for_sale_in_sui_gas_phase_2__block_b_42_u_-44476276-4218-2.html
66,/Property/sui_gas_housing_society_sui_gas_society_phase_2_one_kanal_plot_argent_for_sale_in_block_b-44147595-4218-2.html
67,/Property/sui_gas_society_phase_2_sui_gas_society_phase_2_block_e_1_kanal_residential_plots_for_buy_in_sui_gas_society_phase_2_block_e__lahore-44552864-4223-2.html
68,/Property/sui_gas_society_phase_2_sui_gas_society_phase_2_block_f_20_marla_residential_plot_for_buy_in_sui_gas_society_phase_2_block_f__lahore-44552711-4224-2.html
69,/Property/sui_gas_housing_society_sui_gas_society_phase_2_1_kanal_residential_plots_for_buy_in_sui_gas_society_phase_2__lahore-44552590-4218-2.html
70,/Property/sui_gas_housing_society_sui_gas_society_phase_2_20_marla_residential_plots_for_buy_in_sui_gas_society_phase_2__lahore-44552468-4218-2.html
71,/Property/sui_gas_housing_society_sui_gas_society_phase_2_1_kanal_residential_plots_for_buy_in_sui_gas_society_phase_2__lahore-44552421-4218-2.html
72,/Property/sui_gas_society_phase_2_sui_gas_society_phase_2_block_g_20_marla_residential_plots_for_buy_in_sui_gas_society_phase_2_block_g__lahore-44552118-4225-2.html
73,/Property/sui_gas_society_phase_2_sui_gas_society_phase_2_block_a_best_options_for_residential_plot_is_available_for_sale_in_sui_gas_society_phase_2_block_a-44078640-4219-2.html
74,/Property/sui_gas_housing_society_sui_gas_society_phase_2_20_marla_residential_plots_for_buy_in_sui_gas_society_phase_2__lahore-44551033-4218-2.html
75,/Property/sui_gas_society_phase_2_sui_gas_society_phase_2_block_c_direct_approach_from_main_boulevard_1_kanal_plot_in_c_block_sui_gas_phase_2_lahore-44127169-4221-2.html
76,/Property/sui_gas_society_phase_2_sui_gas_society_phase_2_block_g_on_50ft_rd_and_back_of_main_boulevard_2_kanal_plot_in_g_block_sui_gas_phase_2_lahore-44127062-4225-2.html
77,/Property/sui_gas_society_phase_2_sui_gas_society_phase_2_block_a_30_marla_paid_possession_plot_in_a_block_sui_gas_phase_2_lahore-44021286-4219-2.html
78,/Property/sui_gas_society_phase_2_sui_gas_society_phase_2_block_e_e_block_plot_for_sale-44025370-4223-2.html
79,/Property/sui_gas_society_phase_2_sui_gas_society_phase_2_block_c_direct_approach_from_100ft_rd_1_kanal_plot_in_c_block_sui_gas_phase_2_lahore-44189360-4221-2.html
80,/Property/sui_gas_housing_society_sui_gas_society_phase_2_a_beautiful_centrally_located_g_block_corner_60_feet_road_plot_available_for_sale-43781155-4218-2.html
81,/Property/sui_gas_housing_society_sui_gas_society_phase_2_beautiful_centrally_located_1_kanal_plot_in_block_e-43781273-4218-2.html
82,/Property/sui_gas_society_phase_2_sui_gas_society_phase_2_block_a_main_road_2_kanal_possession_plot_available_for_sale-43781422-4219-2.html
83,/Property/sui_gas_society_phase_2_sui_gas_society_phase_2_block_c_60_feet_road_located_plot_available_for_sale-44110871-4221-2.html
84,/Property/sui_gas_society_phase_1_sui_gas_society_phase_1_block_d_a_residential_plot_of_4500_square_feet_in_lahore-40255315-4214-2.html
85,/Property/sui_gas_housing_society_sui_gas_society_phase_2_one_kanal_plot_sui_gas_phase_2_c_block_is_available_for_sale-40816724-4218-2.html
86,/Property/sui_gas_housing_society_sui_gas_society_phase_2_good_1_kanal_residential_plot_for_sale_in_sui_gas_society_phase_2-41962537-4218-2.html
87,/Property/sui_gas_society_phase_2_sui_gas_society_phase_2_block_c_main_60ft_rd_and_2_side_open_plot_and_also_is_facing_park_1_kanal_plot_in_c_block_sui_gas_phase_2_lahore-44126992-4221-2.html
88,/Property/sui_gas_housing_society_sui_gas_society_phase_2_20_marla_residential_plot_for_buy_in_sui_gas_society_phase_2__lahore-44550527-4218-2.html
89,/Property/sui_gas_housing_society_sui_gas_society_phase_1_2_kanal_mainboulevard_100_ft_rd_direct_approach_level_plots_near_masjid__market-44548795-4210-2.html
90,/Property/sui_gas_society_phase_1_sui_gas_society_phase_1_block_d_1_kanal_best_location_residential_plot_for_sale_in_sui_gas_society_phase_1__block_d-44547422-4214-2.html
91,/Property/sui_gas_housing_society_sui_gas_society_phase_1_2_kanal_pair_mainboulevard_100_ft_rd_direct_approach_level_plots_near_masjid__market-44545745-4210-2.html
92,/Property/sui_gas_housing_society_sui_gas_society_phase_2_e_block_1_kanal_plot_for_sale_on_40_feet_road_in_sui_gas_society-44434058-4218-2.html
93,/Property/sui_gas_housing_society_sui_gas_society_phase_2_b_block_1_kanal_possession_plot_for_sale_on_50_feet_road-44434064-4218-2.html
94,/Property/sui_gas_housing_society_sui_gas_society_phase_2_facing_park_1_kanal_plot_for_sale_in_g_block_sui_gas_phase__2-44434065-4218-2.html
95,/Property/sui_gas_housing_society_sui_gas_society_phase_2_e_block_1_kanal_plot_for_sale_in_sui_gas_phase_2-44434051-4218-2.html
96,/Property/sui_gas_housing_society_sui_gas_society_phase_2_g_block_1_kanal_plot_for_sale_facing_park_in_sui_gas_phase__2-44434053-4218-2.html
97,/Property/sui_gas_housing_society_sui_gas_society_phase_2_b_block_1_kanal_possession_plot_for_sale_in_sui_gas_society_phase__2-44434054-4218-2.html
98,/Property/sui_gas_housing_society_sui_gas_society_phase_2_corner_f_block_1_kanal_plot_for_sale_in_sui_gas_phase__2-44434056-4218-2.html
99,/Property/sui_gas_housing_society_sui_gas_society_phase_2_f_block_1_kanal_plot_for_sale_in_sui_gas_housing_society-44434050-4218-2.html
100,/Property/sui_gas_housing_society_sui_gas_society_phase_2_corner_plot_for_sale_in_f_block-44497089-4218-2.html
101,/Property/sui_gas_housing_society_sui_gas_society_phase_2_sui_gas_society_1_kanal_plot_for_sale_in_e_block_-44497090-4218-2.html
102,/Property/sui_gas_housing_society_sui_gas_society_phase_2_50_feet_road_b_block_possession_plot_for_sale_in_phase_2_-44497096-4218-2.html
103,/Property/sui_gas_housing_society_sui_gas_society_phase_2_facing_park_g_block_plot_for_sale_in_sui_gas_housing_society_ph_2-44479559-4218-2.html
104,/Property/sui_gas_housing_society_sui_gas_society_phase_1_possession_plot_for_sale_in_e_block-44497534-4210-2.html
105,/Property/sui_gas_housing_society_sui_gas_society_phase_1_20_marla_possession_plot_for_sale_in_c_block_-44497540-4210-2.html
106,/Property/sui_gas_housing_society_sui_gas_society_phase_1_d_block_possession_plot_for_sale_measuring_1_kanal-44497541-4210-2.html
107,/Property/sui_gas_housing_society_sui_gas_society_phase_1_e_block_possession_plot_for_sale_in_sui_gas_housing_society-44497543-4210-2.html
108,/Property/sui_gas_housing_society_sui_gas_society_phase_2_e_block_plot_for_sale_on_40_feet_road-44497104-4218-2.html
109,/Property/sui_gas_housing_society_sui_gas_society_phase_2_facing_park_g_block_plot_for_sale_in_sui_gas_housing_society_ph_2-44497105-4218-2.html
110,/Property/sui_gas_housing_society_sui_gas_society_phase_1_on_40_feet_road_possession_plot_for_sale_in_sui_gas_housing_society_-44497527-4210-2.html
111,/Property/sui_gas_housing_society_sui_gas_society_phase_1_good_locarion_possession_plot_for_sale_in_d_block-44497531-4210-2.html
112,/Property/sui_gas_housing_society_sui_gas_society_phase_2_corner_f_block_1_kanal_plot_for_sale_on_50_feet_road_in_sui_gas_society-44497103-4218-2.html
113,/Property/sui_gas_housing_society_sui_gas_society_phase_2_buying_a_residential_plot_in_sui_gas_society_phase_2_-43902588-4218-2.html
114,/Property/sui_gas_society_phase_2_sui_gas_society_phase_2_block_f_corner_on_50ft_rd_and_back_of_main_boulevard_2_kanal_plot_in_f_block_sui_gas_phase_2_lahore-44539463-4224-2.html
115,/Property/sui_gas_society_phase_2_sui_gas_society_phase_2_block_a_on_50ft_wide_rd_1_kanal_possession_plot_in_a_block_sui_gas_phase_2_lahore-44539041-4219-2.html
116,/Property/sui_gas_society_phase_2_sui_gas_society_phase_2_block_f_corner_on_60ft_rd_22_marla_paid_plot_in_f_block_sui_gas_phase_2_lahore-44539004-4224-2.html
117,/Property/sui_gas_society_phase_2_sui_gas_society_phase_2_block_f_corner_on_main_100_ft_wide_road_1_kanal_plot_in_f_block_sui_gas_phase_2_lahore-44538886-4224-2.html
118,/Property/sui_gas_society_phase_2_sui_gas_society_phase_2_block_e_near_park_and_back_of_100ft_rd_1_kanal_plot_in_e_block_sui_gas_phase_2_lahore-44538859-4223-2.html
119,/Property/sui_gas_society_phase_2_sui_gas_society_phase_2_block_g_main_100_ft_rd_1_kanal_plot_in_g_block_sui_gas_phase_2_lahore-44538838-4225-2.html
120,/Property/sui_gas_society_phase_2_sui_gas_society_phase_2_block_a_near_main_boulevard_18_marla_possession_plot_in_a_block_sui_gas_phase_2_lahore-44538761-4219-2.html
121,/Property/sui_gas_society_phase_2_sui_gas_society_phase_2_block_d_1_kanal_plot_in_d_block_sui_gas_phase_2_lahore-44538751-4222-2.html
122,/Property/sui_gas_housing_society_sui_gas_society_phase_2_1_kanal_plot_for_sale_in_sui_gas_phase_2-44538137-4218-2.html
123,/Property/sui_gas_housing_society_sui_gas_society_phase_2_1_kanal_plot_for_sale_in_sui_gas_phase_2-44538045-4218-2.html
124,/Property/sui_gas_housing_society_sui_gas_society_phase_2_18_5_marla_plot_for_sale_in_sui_gas_phase_2_jatti_umra_road_lahore-44538024-4218-2.html
125,/Property/sui_gas_housing_society_sui_gas_society_phase_2_one_kanal_plot_available_for_sale_in_block__b-44304888-4218-2.html
126,/Property/sui_gas_housing_society_sui_gas_society_phase_2_1_kanal_plot_for_sale_in_sui_gas_phase_2-44537405-4218-2.html
127,/Property/sui_gas_housing_society_sui_gas_society_phase_2_1_kanal_plot_for_sale_in_sui_gas_phase_2-44537399-4218-2.html
128,/Property/sui_gas_housing_society_sui_gas_society_phase_2_1_kanal_plot_for_sale_iin_sui_gas_phase_2-44537333-4218-2.html
129,/Property/sui_gas_society_phase_2_sui_gas_society_phase_2_block_g_1_kanal_residential_plots_for_buy_in_sui_gas_society_phase_2_block_g__lahore-44536933-4225-2.html
130,/Property/sui_gas_society_phase_2_sui_gas_society_phase_2_block_g_1_kanal_residential_plots_for_buy_in_sui_gas_society_phase_2_block_g__lahore-44536917-4225-2.html
131,/Property/sui_gas_society_phase_2_sui_gas_society_phase_2_block_a_1_kanal_residential_plots_for_buy_in_sui_gas_society_phase_2_block_a__lahore-44536907-4219-2.html
132,/Property/sui_gas_society_phase_2_sui_gas_society_phase_2_block_e_1_kanal_residential_plots_for_buy_in_sui_gas_society_phase_2_block_e__lahore-44536896-4223-2.html
133,/Property/sui_gas_society_phase_2_sui_gas_society_phase_2_block_e_1_kanal_residential_plots_for_buy_in_sui_gas_society_phase_2_block_e__lahore-44536881-4223-2.html
134,/Property/sui_gas_housing_society_sui_gas_society_phase_2_1_kanal_residential_plots_for_buy_in_sui_gas_society_phase_2_block_b__lahore-44536867-4218-2.html
135,/Property/lahore_sui_gas_housing_society_20_marla_plot_sui_gas_housing_society_phase_2_block_e__lahore-44536452-446-2.html
136,/Property/sui_gas_society_phase_2_sui_gas_society_phase_2_block_b_1_kanal_residential_plot_for_buy_in_sui_gas_society_phase_2__block_8__lahore-44518627-4220-2.html
137,/Property/sui_gas_society_phase_2_sui_gas_society_phase_2_block_b_1_kanal_residential_plots_for_buy_in_sui_gas_society_phase_2_block_b__lahore-44518666-4220-2.html
138,/Property/sui_gas_society_phase_2_sui_gas_society_phase_2_block_g_1_kanal_plot_for_sale__sui_gas_housing_society_2__g_block-44534646-4225-2.html
139,/Property/sui_gas_housing_society_sui_gas_society_phase_2_1_kanal_plot_for_sale_in_sui_gas_phase_2-44532097-4218-2.html
140,/Property/sui_gas_housing_society_sui_gas_society_phase_2_1_kanal_plot_for_sale_in_sui_gas_phase_2-44532101-4218-2.html
141,/Property/sui_gas_housing_society_sui_gas_society_phase_2_1_kanal_plot_for_sale_in_sui_gas_phase_2-44532103-4218-2.html
142,/Property/sui_gas_housing_society_sui_gas_society_phase_2_1_kanal_plot_for_sale_in_sui_gas_phase_2-44532106-4218-2.html
143,/Property/sui_gas_society_phase_2_sui_gas_society_phase_2_block_d_1_kanal_residential_plot_for_sale_in_phase_2_block_d_bahria_town-44531707-4222-2.html
144,/Property/sui_gas_society_phase_2_sui_gas_society_phase_2_block_c_facing_park_1_kanal_plot_in_c_block_sui_gas_phase_2_lahore-44531110-4221-2.html
145,/Property/sui_gas_society_phase_2_sui_gas_society_phase_2_block_c_on_60_ft_road_near_park_1_kanal_plot_in_c_block_sui_gas_phase_2_lahore-44127155-4221-2.html
146,/Property/sui_gas_society_phase_2_sui_gas_society_phase_2_block_a_residential_plot_in_sui_gas_society_phase_2_block_a_for_sale-44415586-4219-2.html
147,/Property/sui_gas_society_phase_2_sui_gas_society_phase_2_block_e_main_60_ft_road_1_kanal_plot_in_e_block_sui_gas_phase_2_lahore-44415135-4223-2.html
148,/Property/sui_gas_society_phase_2_sui_gas_society_phase_2_block_f_1_kanal_plot_in_f_block_sui_gas_phase_2_lahore-44415200-4224-2.html
149,/Property/sui_gas_society_phase_2_sui_gas_society_phase_2_block_c_on_60_ft_rd_and_2_sided_open_and_park_is_instant_back_of_1_kanal_ideal_plot_in_c_block_sui_gas_phase_2_lahore-44415510-4221-2.html
150,/Property/sui_gas_society_phase_2_sui_gas_society_phase_2_block_a_30_marla_paid_possession_plot_in_a_block_sui_gas_phase_2_lahore-44414273-4219-2.html
151,/Property/sui_gas_society_phase_2_sui_gas_society_phase_2_block_d_1_kanal_plot_in_d_block_sui_gas_phase_2_lahore-44414286-4222-2.html
152,/Property/sui_gas_society_phase_2_sui_gas_society_phase_2_block_a_corner_possession_plot_in_a_block_sui_gas_phase_2_lahore-44414452-4219-2.html
153,/Property/sui_gas_society_phase_2_sui_gas_society_phase_2_block_b_this_is_your_chance_to_buy_residential_plot_in_sui_gas_society_phase_2_block_b-44414948-4220-2.html
154,/Property/sui_gas_society_phase_2_sui_gas_society_phase_2_block_e_direct_approach_from_main_boulevard_and_near_park_1_kanal_ideal_plot_in_e_block_sui_gas_phase_2_lahore-44413991-4223-2.html
155,/Property/sui_gas_society_phase_2_sui_gas_society_phase_2_block_f_near_park_1_kanal_plot_in_f_block_sui_gas_phase_2_lahore-44412916-4224-2.html
156,/Property/sui_gas_society_phase_2_sui_gas_society_phase_2_block_g_on_50ft_wide_road_near_park_1_kanal_ideal_plot_in_g_block_sui_gas_phase_2_lahore-44413176-4225-2.html
157,/Property/sui_gas_society_phase_2_sui_gas_society_phase_2_block_a_facing_park_and_2_sided_open_19_marla_possession_plot_in_a_block_sui_gas_phase_2_lahore-44413538-4219-2.html
158,/Property/sui_gas_society_phase_2_sui_gas_society_phase_2_block_e_main_100_ft_wide_road_1_kanal_ideal_plot_in_e_block_sui_gas_phase_2_lahore-44400713-4223-2.html
159,/Property/sui_gas_society_phase_2_sui_gas_society_phase_2_block_e_pair_1_kanal_plots_for_sale_in_e_block_sui_gas_phase_2_lahore-44400743-4223-2.html
160,/Property/sui_gas_society_phase_2_sui_gas_society_phase_2_block_b_1_kanal_possession_plot_in_b_block_sui_gas_phase_2_lahore-44400431-4220-2.html
161,/Property/sui_gas_society_phase_2_sui_gas_society_phase_2_block_f_near_park_and_near_100_ft_road_1_kanal_plot_in_f_block_sui_gas_phase_2_lahore-44400458-4224-2.html
162,/Property/sui_gas_society_phase_2_sui_gas_society_phase_2_block_a_21_marla_possession_plot_in_a_block_sui_gas_phase_2_lahore-44400528-4219-2.html
163,/Property/sui_gas_society_phase_2_sui_gas_society_phase_2_block_d_owner_needy_1_kanal_plot_for_sale_in_d_block_sui_gas_phase_2_lahore-44400252-4222-2.html
164,/Property/sui_gas_society_phase_2_sui_gas_society_phase_2_block_c_direct_approach_from_60ft_rd_1_kanal_plot_in_c_block_sui_gas_phase_2_lahore-44400378-4221-2.html
165,/Property/sui_gas_society_phase_2_sui_gas_society_phase_2_block_d_corner_and_near_central_park_1_kanal_plot_in_d_block_sui_gas_phase_2_lahore-44400396-4222-2.html
166,/Property/sui_gas_society_phase_2_sui_gas_society_phase_2_block_f_1_kanal_plot_in_f_block_sui_gas_phase_2_lahore-44284900-4224-2.html
167,/Property/sui_gas_society_phase_2_sui_gas_society_phase_2_block_a_on_50ft_rd_and_adjacent_with_park_and_back_of_main_boulevard_1_kanal_possession_plot_in_a_block_sui_gas_phase_2_lahore-44285638-4219-2.html
168,/Property/sui_gas_society_phase_2_sui_gas_society_phase_2_block_e_1_kanal_plot_in_e_block_sui_gas_phase_2_lahore-44284324-4223-2.html
169,/Property/sui_gas_society_phase_2_sui_gas_society_phase_2_block_d_18_marla_plot_in_d_block_sui_gas_phase_2_lahore-44284528-4222-2.html
170,/Property/sui_gas_society_phase_2_sui_gas_society_phase_2_block_c_main_60ft_wide_road_1_kanal_plot_in_c_block_sui_gas_phase_2_lahore-44284542-4221-2.html
171,/Property/sui_gas_society_phase_2_sui_gas_society_phase_2_block_b_near_main_boulevard_1_kanal_possession_plot_in_e_block-44284824-4220-2.html
172,/Property/sui_gas_society_phase_2_sui_gas_society_phase_2_block_c_1_kanal_plot_in_c_block_sui_gas_phase_2_lahore-44284030-4221-2.html
173,/Property/sui_gas_society_phase_2_sui_gas_society_phase_2_block_a_corner_possession_plot_in_a_block_sui_gas_phase_2_lahore-44284038-4219-2.html
174,/Property/sui_gas_society_phase_2_sui_gas_society_phase_2_block_d_owner_needy_1_kanal_plot_for_sale_in_d_block_sui_gas_phase_2_lahore-44283479-4222-2.html
175,/Property/sui_gas_society_phase_2_sui_gas_society_phase_2_block_g_main_100ft_road_1_kanal_plot_in_g_block_sui_gas_phase_2_lahore-44283543-4225-2.html
176,/Property/sui_gas_society_phase_2_sui_gas_society_phase_2_block_a_corner_30_marla_paid_possession_plot_in_a_block_sui_gas_phase_2_lahore-44283609-4219-2.html
177,/Property/sui_gas_society_phase_2_sui_gas_society_phase_2_block_b_main_lda_150_ft_proposed_road_1_kanal_plot_in_b_block_sui_gas_phase_2_lahore-44284019-4220-2.html
178,/Property/sui_gas_society_phase_2_sui_gas_society_phase_2_block_e_1_kanal_plot_in_e_block_sui_gas_phase_2_lahore-44283021-4223-2.html
179,/Property/sui_gas_society_phase_2_sui_gas_society_phase_2_block_c_on_60_ft_road_and_2_sided_open_and_park_is_instant_back_of_1_kanal_ideal_plot_in_c_block_sui_gas_phase_2_lahore-44206593-4221-2.html
180,/Property/sui_gas_society_phase_2_sui_gas_society_phase_2_block_a_corner_possession_plot_in_a_block_sui_gas_phase_2_lahore-44210619-4219-2.html
181,/Property/sui_gas_society_phase_2_sui_gas_society_phase_2_block_f_near_park_1_kanal_plot_in_f_block_sui_gas_phase_2_lahore-44206224-4224-2.html
182,/Property/sui_gas_society_phase_2_sui_gas_society_phase_2_block_e_facing_park_1_kanal_plot_in_e_block_sui_gas_phase_2_lahore-44206430-4223-2.html
183,/Property/sui_gas_housing_society_sui_gas_society_phase_2_2_kanal_residential_plot_on_150_feet_road_and_corner_at_very_reasonable_price-44527613-4218-2.html
184,/Property/sui_gas_housing_society_sui_gas_society_phase_2_30_marla_residential_corner_plot_for_sale_at_very_reasonable_price-44527449-4218-2.html
185,/Property/sui_gas_housing_society_sui_gas_society_phase_2_20_marla_residential_plot_for_sale_at_very_reasonable_price-44527350-4218-2.html
186,/Property/sui_gas_housing_society_sui_gas_society_phase_1_one_kanal_plot_for_sale_suigas_society-44526191-4210-2.html
187,/Property/sui_gas_housing_society_sui_gas_society_phase_1_2_kanal_plot_for_sale-44105052-4210-2.html
188,/Property/sui_gas_housing_society_sui_gas_society_phase_1_get_in_touch_now_to_buy_a_residential_plot_in_lahore-44525564-4210-2.html
189,/Property/sui_gas_society_phase_2_sui_gas_society_phase_2_block_b_buy_your_ideal_4500_square_feet_residential_plot_in_a_prime_location_of_lahore-44503091-4220-2.html
190,/Property/sui_gas_housing_society_sui_gas_society_phase_2_one_kanal_residential_plot_for_sale_at_very_reasonable_price-44498158-4218-2.html
191,/Property/sui_gas_housing_society_sui_gas_society_phase_1_e_block_1_kanal_possession_plot_for_sale_in_sui_gas_housing_society_phase_1-44343330-4210-2.html
192,/Property/sui_gas_housing_society_sui_gas_society_phase_1_e_block_1_kanal_possession_plot_for_sale_in_sui_gas_housing_society_phase_1-44343318-4210-2.html
193,/Property/sui_gas_housing_society_sui_gas_society_phase_1_c_block_1_kanal_possession_plot_for_sale_in_sui_gas_housing_society_phase_1-44343321-4210-2.html
194,/Property/sui_gas_housing_society_sui_gas_society_phase_1_d_block_1_kanal_possession_plot_for_sale_in_sui_gas_housing_society_phase_1-44343325-4210-2.html
195,/Property/sui_gas_housing_society_sui_gas_society_phase_2_c_block_plot_for_sale_on_60_feet_road_in_sui_gas_society-44337058-4218-2.html
196,/Property/sui_gas_housing_society_sui_gas_society_phase_2_a_block_1_kanal_possession_plot_for_sale_on_50_feet_road-44337059-4218-2.html
197,/Property/sui_gas_housing_society_sui_gas_society_phase_1_c_block_1_kanal_possession_plot_for_sale_in_sui_gas_housing_society_phase_1-44343308-4210-2.html
198,/Property/sui_gas_housing_society_sui_gas_society_phase_1_d_block_1_kanal_possession_plot_for_sale_in_sui_gas_housing_society_phase_1-44343314-4210-2.html
199,/Property/sui_gas_housing_society_sui_gas_society_phase_1_d_block_1_kanal_possession_plot_for_sale_in_sui_gas_housing_society_phase_1-44326572-4210-2.html
200,/Property/sui_gas_housing_society_sui_gas_society_phase_1_c_block_1_kanal_possession_plot_for_sale_in_sui_gas_housing_society_phase_1-44326650-4210-2.html
201,/Property/sui_gas_housing_society_sui_gas_society_phase_1_d_block_1_kanal_possession_plot_for_sale_in_sui_gas_housing_society_phase_1-44326652-4210-2.html
202,/Property/sui_gas_housing_society_sui_gas_society_phase_2_g_block_corner_plot_for_sale_on_40_feet_road-44316657-4218-2.html
203,/Property/sui_gas_housing_society_sui_gas_society_phase_2_c_block_plot_for_sale_on_60_feet_road_in_sui_gas_society-44316659-4218-2.html
204,/Property/sui_gas_housing_society_sui_gas_society_phase_2_f_block_corner_plot_for_sale_on_50_feet_road-44316661-4218-2.html
205,/Property/sui_gas_housing_society_sui_gas_society_phase_1_c_block_1_kanal_possession_plot_for_sale_in_sui_gas_housing_society_phase_1-44326571-4210-2.html
206,/Property/sui_gas_housing_society_sui_gas_society_phase_2_corner_f_block_plot_for_sale_on_50_feet_road-44316212-4218-2.html
207,/Property/sui_gas_housing_society_sui_gas_society_phase_2_50_feet_road_1_kanal_possession_plot_for_sale_in_a_block_-44316316-4218-2.html
208,/Property/sui_gas_housing_society_sui_gas_society_phase_2_a_block_1_kanal_possession_plot_for_sale_on_50_feet_road-44316656-4218-2.html
209,/Property/sui_gas_housing_society_sui_gas_society_phase_2_a_block_1_kanal_possession_plot_for_sale_on_50_feet_road-44266570-4218-2.html
210,/Property/sui_gas_housing_society_sui_gas_society_phase_2_g_block_corner_plot_for_sale_on_40_feet_road-44266574-4218-2.html
211,/Property/sui_gas_housing_society_sui_gas_society_phase_2_corner_g_block_1_kanal_plot_for_sale_on_40_feet_road_-44316198-4218-2.html
212,/Property/sui_gas_society_phase_2_sui_gas_society_phase_2_block_h_prime_location_4500_square_feet_residential_plot_available_for_sale_in_sui_gas_society_phase_2_block_h_if_you_hurry-41431360-4226-2.html
213,/Property/sui_gas_society_phase_2_sui_gas_society_phase_2_block_e_1_kanal_lda_approved_plot_for_sale_on_100_feet_road_in_e_block_sui_gas_phase_2_jati_umra_road_lahore-44276221-4223-2.html
214,/Property/lahore_sui_gas_housing_society_7_5_marla_property_links_fast_builders_offer_the_best_investment_opportunities_-44477052-446-2.html
215,/Property/sui_gas_housing_society_sui_gas_society_phase_1_c_block_1_kanal_plot_for_sale_in_sui_gas_housing_society_phase_1-44296470-4210-2.html
216,/Property/sui_gas_housing_society_sui_gas_society_phase_1_d_block_1_kanal_plot_for_sale_in_sui_gas_housing_society_phase_1-44296475-4210-2.html
217,/Property/sui_gas_housing_society_sui_gas_society_phase_1_e_block_1_kanal_plot_for_sale_in_sui_gas_housing_society_phase_1-44296478-4210-2.html
218,/Property/sui_gas_housing_society_sui_gas_society_phase_1_c_block_1_kanal_plot_for_sale_in_sui_gas_housing_society_phase_1-44296479-4210-2.html
219,/Property/sui_gas_housing_society_sui_gas_society_phase_1_e_block_1_kanal_plot_for_sale_in_sui_gas_housing_society_phase_1-44296464-4210-2.html
220,/Property/sui_gas_housing_society_sui_gas_society_phase_1_d_block_1_kanal_plot_for_sale_in_sui_gas_housing_society_phase_1-44296466-4210-2.html
221,/Property/sui_gas_housing_society_sui_gas_society_phase_1_c_block_1_kanal_plot_for_sale_in_sui_gas_housing_society_phase_1-44272591-4210-2.html
222,/Property/sui_gas_housing_society_sui_gas_society_phase_1_d_block_1_kanal_plot_for_sale_in_sui_gas_housing_society_phase_1-44272538-4210-2.html
223,/Property/sui_gas_housing_society_sui_gas_society_phase_1_d_block_1_kanal_plot_for_sale_in_sui_gas_housing_society_phase_1-44272539-4210-2.html
224,/Property/sui_gas_housing_society_sui_gas_society_phase_1_c_block_1_kanal_plot_for_sale_in_sui_gas_housing_society_phase_1-44272575-4210-2.html
225,/Property/sui_gas_housing_society_sui_gas_society_phase_2_c_block_plot_for_sale_on_60_feet_road_in_sui_gas_society-44421395-4218-2.html
226,/Property/sui_gas_housing_society_sui_gas_society_phase_2_a_block_1_kanal_possession_plot_for_sale_on_50_feet_road-44421396-4218-2.html
227,/Property/sui_gas_housing_society_sui_gas_society_phase_2_corner_g_block_1_kanal_plot_for_sale_on_40_feet_road_-44421398-4218-2.html
228,/Property/sui_gas_housing_society_sui_gas_society_phase_2_f_block_corner_plot_for_sale_on_50_feet_road-44421399-4218-2.html
229,/Property/sui_gas_housing_society_sui_gas_society_phase_2_1_kanal_plot_for_sale_in_sui_gas_housing_society_phase_2-44421388-4218-2.html
230,/Property/sui_gas_housing_society_sui_gas_society_phase_2_1_kanal_plot_for_sale_in_sui_gas_housing_society_phase_2-44421389-4218-2.html
231,/Property/sui_gas_housing_society_sui_gas_society_phase_2_corner_f_block_1_kanal_plot_for_sale_in_sui_gas_housing_society-44421392-4218-2.html
232,/Property/sui_gas_housing_society_sui_gas_society_phase_2_corner_g_block_1_kanal_plot_for_sale_in_sui_gas_phase_2-44421394-4218-2.html
233,/Property/sui_gas_society_phase_2_sui_gas_society_phase_2_block_g_sui_gas_face_2_g_block_plot_number_120-44429618-4225-2.html
234,/Property/sui_gas_society_phase_2_sui_gas_society_phase_2_block_e_econimical_1_kanal_possession_plot_in_lahore__sui_gas_phase_2_-44427835-4223-2.html
235,/Property/sui_gas_society_phase_2_sui_gas_society_phase_2_block_f_sui_gas_phase_2_plot_for_sale-44425047-4224-2.html
236,/Property/sui_gas_society_phase_2_sui_gas_society_phase_2_block_e_sui_gas_phase_2_plot_for_sale-44424627-4223-2.html
237,/Property/sui_gas_society_phase_2_sui_gas_society_phase_2_block_b_sui_gas_phase_2-44424382-4220-2.html
238,/Property/sui_gas_housing_society_sui_gas_society_phase_2_sui_gas_society_phase_2-44424115-4218-2.html
239,/Property/sui_gas_society_phase_2_sui_gas_society_phase_2_block_e_4500_square_feet_residential_plot_situated_in_sui_gas_society_phase_2_block_e_for_sale-44119621-4223-2.html
240,/Property/sui_gas_society_phase_2_sui_gas_society_phase_2_block_a_gorgeous_4500_square_feet_residential_plot_for_sale_available_in_sui_gas_society_phase_2_block_a-44119602-4219-2.html
241,/Property/sui_gas_society_phase_2_sui_gas_society_phase_2_block_b_2_kanal_plot_150fit_road_main_boulevard__sui_gas_phase_2_block_b_available_for_sale_-43652051-4220-2.html
242,/Property/sui_gas_housing_society_sui_gas_society_phase_1_e_block_1_kanal_plot_for_sale_in_sui_gas_housing_society_phase_1-43929349-4210-2.html
243,/Property/sui_gas_housing_society_sui_gas_society_phase_1_d_block_1_kanal_plot_for_sale_in_sui_gas_housing_society_phase_1-43929351-4210-2.html
244,/Property/sui_gas_housing_society_sui_gas_society_phase_1_1_kanal_plot_for_sale_in_sui_gas_housing_society_phase_1-43929352-4210-2.html
245,/Property/sui_gas_housing_society_sui_gas_society_phase_1_c_block_1_kanal_plot_for_sale_in_sui_gas_housing_society_phase_1-43929353-4210-2.html
246,/Property/sui_gas_housing_society_sui_gas_society_phase_2_g_block_corner_plot_for_sale_on_40_feet_road-44190571-4218-2.html
247,/Property/sui_gas_housing_society_sui_gas_society_phase_2_f_block_corner_plot_for_sale_on_50_feet_road-44190574-4218-2.html
248,/Property/sui_gas_housing_society_sui_gas_society_phase_2_g_block_corner_plot_for_sale_on_40_feet_road-44190596-4218-2.html
249,/Property/sui_gas_housing_society_sui_gas_society_phase_2_corner_b_block_1_kanal_possession_plot_for_sale_on_60_feet_road-44173908-4218-2.html
250,/Property/sui_gas_housing_society_sui_gas_society_phase_1_1_kanal_plot_for_sale_in_sui_gas_housing_society_phase_1-44178523-4210-2.html
251,/Property/sui_gas_housing_society_sui_gas_society_phase_1_1_kanal_plot_for_sale_in_sui_gas_housing_society_phase_1-44178527-4210-2.html
252,/Property/sui_gas_housing_society_sui_gas_society_phase_1_1_kanal_plot_for_sale_in_sui_gas_housing_society_phase_1-44178528-4210-2.html
253,/Property/sui_gas_housing_society_sui_gas_society_phase_2_corner_g_block_1_kanal_plot_for_sale_in_sui_gas_housing_society_phase_2-44173902-4218-2.html
254,/Property/sui_gas_housing_society_sui_gas_society_phase_2_g_block_1_kanal_plot_for_sale_in_sui_gas_society_phase_2-44173903-4218-2.html
255,/Property/sui_gas_housing_society_sui_gas_society_phase_2_d_block_1_kanal_plot_for_sale_on_50_feet_road-44173906-4218-2.html
256,/Property/sui_gas_housing_society_sui_gas_society_phase_2_c_block_plot_for_sale_on_60_feet_road_in_sui_gas_society-44173907-4218-2.html
257,/Property/sui_gas_housing_society_sui_gas_society_phase_2_a_block_1_kanal_possession_plot_for_sale_in_sui_gas_phase_2-44173901-4218-2.html
258,/Property/sui_gas_society_phase_2_sui_gas_society_phase_2_block_d_corner_plot_at_prime_location_in_an_economical_price-44403499-4222-2.html
259,/Property/sui_gas_society_phase_2_sui_gas_society_phase_2_block_d_econimical1_kanal_possession_plot_in_lahore__sui_gas_phase_2_-44403145-4222-2.html
260,/Property/sui_gas_society_phase_2_sui_gas_society_phase_2_block_c_econimical1_kanal_possession_plot_in_lahore__sui_gas_phase_2_-44403060-4221-2.html
261,/Property/sui_gas_society_phase_2_sui_gas_society_phase_2_block_c_econimical1_kanal_possession_plot_in_lahore__sui_gas_phase_2_-44402398-4221-2.html
262,/Property/sui_gas_society_phase_2_sui_gas_society_phase_2_block_c_econimical1_kanal_possession_60_ft_road__plot_in_lahore__sui_gas_phase_2_-44401555-4221-2.html
263,/Property/sui_gas_society_phase_2_sui_gas_society_phase_2_block_c_econimical1_kanal_possession_plot_in_lahore__sui_gas_phase_2_-44401399-4221-2.html
264,/Property/sui_gas_society_phase_2_sui_gas_society_phase_2_block_c_econimical1_kanal_possession_plot_in_lahore__sui_gas_phase_2_-44401193-4221-2.html
265,/Property/sui_gas_society_phase_2_sui_gas_society_phase_2_block_c_1_kanal__facing_park__residential_plot__c_block__sui_gas_phase_2_in_low_budget_-44401113-4221-2.html
266,/Property/sui_gas_society_phase_2_sui_gas_society_phase_2_block_b_econimical1_kanal_possession_plot_in_lahore__sui_gas_phase_2_-44400987-4220-2.html
267,/Property/sui_gas_society_phase_2_sui_gas_society_phase_2_block_b_econimical1_kanal_possession_plot_in_lahore__sui_gas_phase_2_-44400723-4220-2.html
268,/Property/sui_gas_housing_society_sui_gas_society_phase_2_econimical1_kanal_possession_plot_in_lahore__sui_gas_phase_2_-44400447-4218-2.html
269,/Property/sui_gas_society_phase_2_sui_gas_society_phase_2_block_b_corner_plot_at_prime_location_in_an_economical_price-44400224-4220-2.html
270,/Property/sui_gas_housing_society_sui_gas_society_phase_2_sui_gas_phase_2_1_kanal_excellent_location_plot-44399663-4218-2.html
271,/Property/sui_gas_society_phase_2_sui_gas_society_phase_2_block_c_1_kanal_residential_plot__150_ft_lda_structure_road-44399639-4221-2.html
272,/Property/sui_gas_housing_society_sui_gas_society_phase_2_corner_f_block_1_kanal_plot_for_sale_on_50_feet_road_in_sui_gas_society-44397921-4218-2.html
273,/Property/sui_gas_housing_society_sui_gas_society_phase_2_1_kanal_plot_for_sale_in_sui_gas_housing_society_phase_2-44397922-4218-2.html
274,/Property/sui_gas_housing_society_sui_gas_society_phase_2_1_kanal_plot_for_sale_in_sui_gas_housing_society_phase_2-44397924-4218-2.html
275,/Property/sui_gas_housing_society_sui_gas_society_phase_2_f_block_corner_plot_for_sale_in_sui_gas_housing_society-44397925-4218-2.html
276,/Property/sui_gas_housing_society_sui_gas_society_phase_2_corner_g_block_1_kanal_plot_for_sale_in_sui_gas_housing_society_phase_2-44397926-4218-2.html
277,/Property/sui_gas_housing_society_sui_gas_society_phase_2_c_block_plot_for_sale_on_60_feet_road_in_sui_gas_society-44397928-4218-2.html
278,/Property/sui_gas_housing_society_sui_gas_society_phase_2_a_block_1_kanal_possession_plot_for_sale_on_50_feet_road-44397929-4218-2.html
279,/Property/sui_gas_housing_society_sui_gas_society_phase_2_corner_g_block_1_kanal_plot_for_sale_in_sui_gas_housing_society_phase_2-44397931-4218-2.html
280,/Property/sui_gas_housing_society_sui_gas_society_phase_2_plot_for_sale-44381521-4218-2.html
281,/Property/sui_gas_housing_society_sui_gas_society_phase_2_g_block_corner_plot_for_sale_on_40_feet_road-44380643-4218-2.html
282,/Property/sui_gas_housing_society_sui_gas_society_phase_2_f_block_corner_plot_for_sale_on_50_feet_road-44380645-4218-2.html
283,/Property/sui_gas_housing_society_sui_gas_society_phase_2_a_block_1_kanal_possession_plot_for_sale_on_50_feet_road-44380642-4218-2.html
284,/Property/sui_gas_housing_society_sui_gas_society_phase_2_c_block_plot_for_sale_on_60_feet_road_in_sui_gas_society-44380635-4218-2.html
285,/Property/sui_gas_housing_society_sui_gas_society_phase_2_corner_g_block_1_kanal_plot_for_sale_in_sui_gas_society-44380630-4218-2.html
286,/Property/sui_gas_housing_society_sui_gas_society_phase_2_1_kanal_plot_for_sale_in_sui_gas_housing_society_-44380624-4218-2.html
287,/Property/sui_gas_housing_society_sui_gas_society_phase_2_1_kanal_plot_for_sale_in_sui_gas_society-44380610-4218-2.html
288,/Property/sui_gas_society_phase_2_sui_gas_society_phase_2_block_e_e_block_plot_for_sale-43280543-4223-2.html
289,/Property/sui_gas_housing_society_sui_gas_society_phase_1_1_kanal_plot_for_sale_in_sui_gas_housing_society_phase_1-44131959-4210-2.html
290,/Property/sui_gas_society_phase_2_sui_gas_society_phase_2_block_c_buy_1_kanal_residential_plot_at_highly_affordable_price-43038634-4221-2.html
291,/Property/sui_gas_society_phase_2_sui_gas_society_phase_2_block_c_reserve_a_residential_plot_of_1_kanal_now_in_sui_gas_society_phase_2_block_c-43549317-4221-2.html
292,/Property/sui_gas_housing_society_sui_gas_society_phase_2_plot_available_for_sale_in_block_d-41985972-4218-2.html
293,/Property/sui_gas_housing_society_sui_gas_society_phase_2_one_kanal_plot_for_sale_in_block_c-40684788-4218-2.html
294,/Property/sui_gas_society_phase_2_sui_gas_society_phase_2_block_h_plot_available_for_sale_in_block_h_on_60ft_road-41985864-4226-2.html
295,/Property/sui_gas_housing_society_sui_gas_society_phase_2_get_in_touch_now_to_buy_a_residential_plot_in_sui_gas_society_phase_2_lahore-40505281-4218-2.html
296,/Property/sui_gas_housing_society_sui_gas_society_phase_2_get_in_touch_now_to_buy_a_residential_plot_in_sui_gas_society_phase_2-40505284-4218-2.html
297,/Property/sui_gas_housing_society_sui_gas_society_phase_2_get_your_dream_residential_plot_in_sui_gas_society_phase_2_lahore-40505285-4218-2.html
298,/Property/sui_gas_housing_society_sui_gas_society_phase_2_one_kanal_plot_available_for_sale_in_block_g-42394588-4218-2.html
299,/Property/sui_gas_society_phase_1_sui_gas_society_phase_1_block_b_1_kanal_plot_for_sale_on_100ft_road_b_177-44274972-4212-2.html
300,/Property/sui_gas_society_phase_1_sui_gas_society_phase_1_block_d_1_kanal_plot_available_for_sale-32858636-4214-2.html
301,/Property/sui_gas_society_phase_1_sui_gas_society_phase_1_block_f_1_kanal_residential_plot_facing_park_for_sale_in_f_block_sui_gas_housing_society_lahore_-35529520-4216-2.html
302,/Property/sui_gas_society_phase_1_sui_gas_society_phase_1_block_d_1_kanal_residential_plot_available_for_sale-36317485-4214-2.html
303,/Property/sui_gas_housing_society_sui_gas_society_phase_2_1_kanal_plot_sui_gas_society_phase_2-44255538-4218-2.html
304,/Property/sui_gas_housing_society_sui_gas_society_phase_2_beautiful_location_plot_for_sale-43980780-4218-2.html
305,/Property/sui_gas_society_phase_2_sui_gas_society_phase_2_block_b_1_kanal_residential_plot_in_b_block__sui_gas_phase_2-44189373-4220-2.html
306,/Property/sui_gas_society_phase_2_sui_gas_society_phase_2_block_a_corner_1_kanal_residential_plot_in_a_block__sui_gas_phase_2-44188512-4219-2.html
307,/Property/sui_gas_society_phase_2_sui_gas_society_phase_2_block_a_1_kanal_residential_plot_in_a_block__sui_gas_phase_2-44188354-4219-2.html
308,/Property/sui_gas_society_phase_2_sui_gas_society_phase_2_block_a_1_kanal_residential_plot_in_a_block__sui_gas_phase_2-44188175-4219-2.html
309,/Property/sui_gas_society_phase_2_sui_gas_society_phase_2_block_c_1_kanal_ideal_location_plot_is_available_for_sale-43648740-4221-2.html
310,/Property/sui_gas_society_phase_2_sui_gas_society_phase_2_block_c_1_kanal_plot_for_sale_block_c_sui_gas_society_phase_2-44135744-4221-2.html
311,/Property/sui_gas_society_phase_2_sui_gas_society_phase_2_block_a_corner_plot_at_prime_location_in_an_econmical_price-44119929-4219-2.html
312,/Property/sui_gas_society_phase_2_sui_gas_society_phase_2_block_a_economical_1_kanal_possession_plot_in_lahore__sui_gas_phase_2_-44119416-4219-2.html
313,/Property/sui_gas_society_phase_1_sui_gas_society_phase_1_block_e_centrally_located_residential_plot_in_sui_gas_society_phase_1_block_e_is_available_for_sale-43832337-4215-2.html
314,/Property/sui_gas_society_phase_1_sui_gas_society_phase_1_block_e_residential_plot_for_sale_in_sui_gas_society_phase_1_block_e-43832340-4215-2.html
315,/Property/sui_gas_society_phase_1_sui_gas_society_phase_1_block_e_ideal_residential_plot_for_sale_in_sui_gas_society_phase_1_block_e-43832336-4215-2.html
316,/Property/sui_gas_society_phase_1_sui_gas_society_phase_1_block_e_get_in_touch_now_to_buy_a_1_kanal_residential_plot_in_sui_gas_society_phase_1_block_e_lahore-43610571-4215-2.html
317,/Property/sui_gas_society_phase_1_sui_gas_society_phase_1_block_e_residential_plot_is_available_for_sale_in_sui_gas_society_phase_1_block_e-43610570-4215-2.html
318,/Property/sui_gas_society_phase_1_sui_gas_society_phase_1_block_e_gorgeous_1_kanal_residential_plot_for_sale_available_in_sui_gas_society_phase_1_block_e-43598283-4215-2.html
319,/Property/sui_gas_society_phase_1_sui_gas_society_phase_1_block_e_residential_plot_for_sale_in_rs_34_000_000-43598284-4215-2.html
320,/Property/sui_gas_society_phase_1_sui_gas_society_phase_1_block_e_residential_plot_for_sale_situated_in_sui_gas_society_phase_1_block_e-43444725-4215-2.html
321,/Property/sui_gas_housing_society_sui_gas_society_phase_2_best_options_for_residential_plot_is_available_for_sale_in_sui_gas_society_phase_2-43444727-4218-2.html
322,/Property/sui_gas_housing_society_sui_gas_society_phase_2_sale_a_residential_plot_in_lahore_prime_location-42942946-4218-2.html
323,/Property/sui_gas_housing_society_sui_gas_society_phase_2_perfect_1_kanal_residential_plot_in_sui_gas_society_phase_2_for_sale-42942945-4218-2.html
324,/Property/sui_gas_housing_society_sui_gas_society_phase_1_residential_plot_for_sale_is_readily_available_in_prime_location_of_sui_gas_society_phase_1-42942638-4210-2.html
325,/Property/sui_gas_society_phase_2_sui_gas_society_phase_2_block_f_1_kanal_ideal_location_plot_for_sale-41098933-4224-2.html
326,/Property/sui_gas_housing_society_sui_gas_society_phase_2_1_kanal_plot_facing_2_kanal_in_e_block_for_sale-41096411-4218-2.html
327,/Property/sui_gas_society_phase_2_sui_gas_society_phase_2_block_e_1_kanal_top_location_plot_available_for_sale_in_sui_gas_society_phase_2_block_e-40864372-4223-2.html
328,/Property/sui_gas_society_phase_2_sui_gas_society_phase_2_block_a_1_kanal_best_location_plot_available_for_sale_in_sui_gas_society_phase_2_block_a-40864375-4219-2.html
329,/Property/sui_gas_society_phase_1_sui_gas_society_phase_1_block_a_1_kanal_corner_plot_for_sale-40843764-4211-2.html
330,/Property/sui_gas_society_phase_2_sui_gas_society_phase_2_block_h_1_kanal_prime_location_plot_available_for_sale_in_sui_gas_society_phase_2_block_h-40864368-4226-2.html
331,/Property/sui_gas_society_phase_2_sui_gas_society_phase_2_block_f_1_kanal_top_location_plot_available_for_sale_in_sui_gas_society_phase_2_block_f-40872365-4224-2.html
332,/Property/sui_gas_society_phase_2_sui_gas_society_phase_2_block_f_1_kanal_hot_location_plot_available_for_sale_in_sui_gas_society_phase_2_block_f-40872367-4224-2.html
333,/Property/sui_gas_society_phase_2_sui_gas_society_phase_2_block_b_one_kanal_plot_available_for_sale_in_block_b-42392281-4220-2.html
334,/Property/sui_gas_society_phase_2_sui_gas_society_phase_2_block_a_plot_available_for_sale_in_block_a_on_50ft_road-42392452-4219-2.html
335,/Property/sui_gas_housing_society_sui_gas_society_phase_2_plot_available_for_sale_in_block_e-42392776-4218-2.html
336,/Property/sui_gas_housing_society_sui_gas_society_phase_2_plot_available_for_sale_in_block_f-42392870-4218-2.html
337,/Property/sui_gas_society_phase_2_sui_gas_society_phase_2_block_f_plot_available_for_sale_in_block_f-42393332-4224-2.html
338,/Property/sui_gas_housing_society_sui_gas_society_phase_2_plot_available_for_sale_in_block_b-42393442-4218-2.html
339,/Property/sui_gas_housing_society_sui_gas_society_phase_2_one_kanal_plot_available_for_sale_in_block_d-41986009-4218-2.html
340,/Property/sui_gas_society_phase_2_sui_gas_society_phase_2_block_g_one_kanal_corner_plot_available_for_sale_in_block_g-41986068-4225-2.html
341,/Property/sui_gas_society_phase_2_sui_gas_society_phase_2_block_g_one_kanal_plot_available_for_sale_on_100ft_road-41986085-4225-2.html
342,/Property/sui_gas_society_phase_2_sui_gas_society_phase_2_block_d_plot_available_for_sale_in_block_d-42395026-4222-2.html
343,/Property/sui_gas_society_phase_2_sui_gas_society_phase_2_block_g_1_kanal_good_location_plot_for_sale_in_g_block-41369431-4225-2.html
344,/Property/sui_gas_society_phase_2_sui_gas_society_phase_2_block_f_1_kanal_plot_in_f_block_sui_gas_phase_2-41032864-4224-2.html
345,/Property/sui_gas_society_phase_2_sui_gas_society_phase_2_block_c_1_kanal_plot_in_c_block_sui_gas_phase_2-41032842-4221-2.html
346,/Property/sui_gas_society_phase_2_sui_gas_society_phase_2_block_e_low_cost_1_kanal_plot_in_e_block-41032827-4223-2.html
347,/Property/sui_gas_society_phase_2_sui_gas_society_phase_2_block_a_get_in_touch_now_to_buy_a_9000_square_feet_residential_plot_in_sui_gas_society_phase_2_block_a_lahore-41032798-4219-2.html
348,/Property/sui_gas_society_phase_2_sui_gas_society_phase_2_block_a_ideal_4500_square_feet_residential_plot_available_in_sui_gas_society_phase_2_block_a__lahore-41032625-4219-2.html
349,/Property/sui_gas_society_phase_2_sui_gas_society_phase_2_block_a_1_kanal_possession_plot_for_sale_in_a_block-41005660-4219-2.html
350,/Property/sui_gas_society_phase_2_sui_gas_society_phase_2_block_c_this_is_your_chance_to_buy_residential_plot_in_sui_gas_society_phase_2_block_c-41003626-4221-2.html
351,/Property/sui_gas_society_phase_2_sui_gas_society_phase_2_block_g_get_in_touch_now_to_buy_a_residential_plot_in_sui_gas_society_phase_2_block_g-41003552-4225-2.html
352,/Property/sui_gas_society_phase_2_sui_gas_society_phase_2_block_f_a_stunning_residential_plot_is_up_for_grabs_in_sui_gas_society_phase_2_block_f_lahore-41003344-4224-2.html
353,/Property/sui_gas_society_phase_2_sui_gas_society_phase_2_block_f_residential_plot_available_for_sale_in_sui_gas_society_phase_2_block_f-40994972-4224-2.html
354,/Property/sui_gas_society_phase_2_sui_gas_society_phase_2_block_e_residential_plot_of_4500_square_feet_for_sale_in_sui_gas_society_phase_2_block_e-40994803-4223-2.html
355,/Property/sui_gas_society_phase_2_sui_gas_society_phase_2_block_f_your_dream_4500_square_feet_residential_plot_is_available_in_sui_gas_society_phase_2_block_f-40994749-4224-2.html
356,/Property/sui_gas_society_phase_2_sui_gas_society_phase_2_block_d_4500_square_feet_residential_plot_in_sui_gas_society_phase_2_block_d_for_sale-40994672-4222-2.html
357,/Property/sui_gas_society_phase_2_sui_gas_society_phase_2_block_f_sui_gas_society_phase_2_block_f_4500_square_feet_residential_plot_up_for_sale-40990900-4224-2.html
358,/Property/sui_gas_society_phase_2_sui_gas_society_phase_2_block_f_1350_square_feet_residential_plot_available_for_sale_in_sui_gas_society_phase_2_block_f_if_you_hurry-40162956-4224-2.html
359,/Property/sui_gas_society_phase_1_sui_gas_society_phase_1_block_d_1_kanal_residential_park_facing_plot_available_for_sale-40061954-4214-2.html
360,/Property/sui_gas_society_phase_2_sui_gas_society_phase_2_block_a_plot_in_sui_gas_society_phase_2_block_a-39291021-4219-2.html
361,/Property/sui_gas_society_phase_2_sui_gas_society_phase_2_block_a_sui_gas_phase_2_block_a_plot_near_344-39290772-4219-2.html
362,/Property/sui_gas_housing_society_sui_gas_society_phase_2_sui_gas_phase_2_plot_1_kanal_block_c-39245820-4218-2.html
